Region,Location,Same-sex sexual activity,Recognition of same-sex unions,Same-sex marriage,Adoption by same-sex couples,LGBT military service,Anti-discrimination (sexual orientation),Gender identity/expression laws
Northern Africa,Algeria,"No Illegal since 11 June 1966. Penalty: Up to 3 years imprisonment with fines up to 10,000 dinars.",No,No,No,No,No,No
Northern Africa,Canary Islands,Yes Legal since 9 November 1979 + UN declaration sign.,Yes De facto unions legal since 2003,Yes Legal since 2005,Yes Legal since 2005,Yes Spain responsible for defence,Yes Bans all anti-gay discrimination,Yes Documents can be amended since 2007
Northern Africa,Ceuta,Yes Legal since 9 November 1979 + UN declaration sign.,Yes De facto union since 1998,Yes Legal since 2005,Yes Legal since 2005,Yes Spain responsible for defence,Yes Bans all anti-gay discrimination,Yes Documents can be amended since 2007
Northern Africa,Egypt,No De facto illegal for males since 1883 and females since 1961. Penalty: Up to 17 years imprisonment.,No,No,No,No,No,No
Northern Africa,Libya,No Illegal since 2 March 1954. Penalty: Up to 5 years in jail.,No,No,No,No,No,No
Northern Africa,Madeira,Yes Legal since 1 January 1983 + UN declaration sign.,Yes De facto union since 2001,Yes Legal since 2010,Yes Legal since 2016,Yes Portugal responsible for defence,Yes Bans all anti-gay discrimination,Yes Documents can be amended since 2011
Northern Africa,Melilla,Yes Legal since 9 November 1979 + UN declaration sign.,Yes De facto union since 2008,Yes Legal since 2005,Yes Legal since 2005,Yes Spain responsible for defence,Yes Bans all anti-gay discrimination,Yes Documents can be amended since 2007
Northern Africa,Morocco,No Illegal since 17 June 1963. Penalty: 3–6 years imprisonment with hard labour.,No,No,No,No,No,No
Northern Africa,Sahrawi Arab Democratic Republic,No Illegal since 27 February 1976,No,No,No,No,No,No
Northern Africa,Sudan,No Illegal since 31 January 1991. Penalty: Life imprisonment for third offense.,No,No,No,No,No,No
Northern Africa,Tunisia,No Illegal since 1 January 1914. Penalty: 3 years imprisonment.,No,No,No,No,No,No
Western Africa,Benin,Yes Legal (no laws ever existed); equal age of consent since 2018.,No,No,No,,Yes Bans some discrimination,
Western Africa,Burkina Faso,No Illegal since 1 September 2025. Penalty: 2–5 years imprisonment.,No,No Constitutional ban since 1991,No,,Yes/No Limited protections,
Western Africa,Cape Verde,Yes Legal since 1 March 2004 + UN declaration sign.,No,No,No,,Yes Bans some discrimination,
Western Africa,The Gambia,No Illegal since 1 January 1889. Penalty: Up to life imprisonment.,No,No,No,No,No,No Gender expression criminalized since 2013
Western Africa,Ghana,No Male illegal since 1893 (up to 3 years imprisonment); Female legal but criminalization pending.,No,No,No,No,Yes/No Limited protections,No
Western Africa,Guinea,No Illegal since 6 August 1988. Penalty: 6 months–10 years imprisonment.,No,No,No,No,Yes/No Limited protections,No
Western Africa,Guinea-Bissau,Yes Legal since 1 March 1993 + UN declaration sign.,No,No,No,,Yes/No Limited domestic violence protection,
Western Africa,Ivory Coast,Yes Legal (no laws ever existed); age of consent discrepancy.,No,No,No,,Yes/No Limited protections,
Western Africa,Liberia,No Illegal since 3 April 1978. Penalty: 1 year imprisonment.,No,No,No,No,Yes Bans some discrimination,No
Western Africa,Mali,No Illegal since 13 December 2024. Penalty: 7 years imprisonment + fine.,No,No Constitutional ban since 2023,No,,Yes/No Limited protections,No
Western Africa,Mauritania,"No Illegal since 9 July 1983. Penalty: Execution for men (moratorium), prison for women.",No,No,No,No,No,No
Western Africa,Niger,Yes Legal (no laws ever existed); criminalization pending; age of consent discrepancy.,No,No,No,,Yes/No Limited protections,No
Western Africa,Nigeria,No Illegal since early 1900s. Penalty: Up to 14 years imprisonment; death in some Sharia states (not enforced).,No,No Statutory ban since 2013,No,No,Yes/No Limited protections,No Gender expression criminalized in Sharia provinces
Western Africa,Saint Helena,Yes Legal since 2001 + UN declaration sign.,Yes Legal since 2017,Yes Legal since 2017,Yes Legal since 2017,Yes UK responsible for defence,Yes Bans all anti-gay discrimination,
Western Africa,Senegal,No Illegal since 1 March 1966. Penalty: 1–5 years imprisonment.,No,No,No,No,Yes/No Limited protections,No
Western Africa,Sierra Leone,No Male illegal since 1861 (up to life imprisonment); Female legal.,No,No,No,No,Yes Bans some discrimination,No
Western Africa,Togo,No Illegal since 13 August 1980. Penalty: 1–3 years imprisonment + fines.,No,No,No,No,Yes/No Limited protections,No
Central Africa,Cameroon,No Illegal since 28 September 1972. Penalty: Up to 5 years imprisonment and fines. (repeal proposed),No,No,No,No,No,No
Central Africa,Central African Republic,Yes Legal (no laws ever existed) + UN declaration sign,No,No Constitutional ban since 2016,No,,Yes/No Limited protections,No
Central Africa,Chad,No Illegal since 1 August 2017. Penalty: 3 months–2 years prison + fines,No,No,No,No,Yes/No Aggravated punishment for orientation-based rape,No
Central Africa,Democratic Republic of the Congo,Yes Legal (no laws ever existed),No,No Constitutional ban since 2006,No,,Yes/No Limited protections,No
Central Africa,Republic of the Congo,Yes Legal (no laws ever existed); age of consent discrepancy,No,No,No,,Yes/No Limited protections,No
Central Africa,Equatorial Guinea,Yes Legal since 12 October 1968,No,No,No,,Yes Bans some anti-gay discrimination,No
Central Africa,Gabon,Yes Legal since 1960–2019 and again since 29 June 2020; age of consent discrepancy + UN declaration sign,No,No Constitutional ban since 2024,No,,Yes/No Limited protections,
Central Africa,São Tomé and Príncipe,Yes Legal since 29 November 2012 + UN declaration sign,No,No,No,,Yes Bans some anti-gay discrimination,
Eastern Africa,Burundi,No Illegal since 22 April 2009. Penalty: 3 months–2 years imprisonment + fines (repeal disputed),No,No Constitutional ban since 2005,No,No,No,No
Eastern Africa,Djibouti,Yes Legal (no laws ever existed),No,No,No,,Yes/No Limited protections,No
Eastern Africa,Eritrea,No Illegal since 23 July 1957. Penalty: Up to 7 years imprisonment (rarely enforced),No,No,No,No,No,No
Eastern Africa,Ethiopia,No Illegal since 5 May 1958. Penalty: Up to 15 years (repeal disputed),No,No Statutory ban since 2009,No,No,No,No
Eastern Africa,Kenya,No Illegal since 1 August 1897. Penalty: Up to 14 years imprisonment (repeal proposed),No,No Constitutional ban since 2010,No,No,Yes/No Limited protections,Yes
Eastern Africa,Rwanda,Yes Legal (no laws ever existed) + UN declaration sign,No,No Constitutional ban since 2003,No,,Yes/No Limited protections,No
Eastern Africa,Somalia,No Illegal since 3 April 1964. Penalty: Up to 3 years prison (death possible in Jubaland),No,No,No,No,No,No
Eastern Africa,Somaliland,No Illegal since 16 March 1941. Penalty: Up to 3 years prison (sometimes death sentences),No,No,No,No,No,No
Eastern Africa,South Sudan,No Illegal since 31 January 1991. Penalty: Up to 10 years (not enforced),No,No Constitutional ban since 2011,No,No,Yes/No Limited protections,No (gender expression criminalized)
Eastern Africa,Tanzania,No Illegal since 1899/1900. Penalty: 30 years to life imprisonment (repeal disputed),No,No,No,No,Yes/No Hate crime protections since 2023,No
Eastern Africa,Uganda,No Male illegal since 1902; female illegal since 2000. Penalty: Up to life imprisonment,No,No Constitutional ban since 2005,No,No,No,No
Indian Ocean States,Comoros,No Illegal since 31 October 1982. Penalty: 5 years imprisonment + fines (not enforced),No,No,No,No,Yes/No Limited protections,No
Indian Ocean States,French Southern and Antarctic Lands,Yes Legal (no laws ever existed),Yes Civil solidarity pact since 1999,Yes Legal since 2013,Yes Legal since 2013,Yes France responsible for defence,Yes Bans all anti-gay discrimination,Yes Under French law
Indian Ocean States,Madagascar,Yes Legal (no laws ever existed); age of consent discrepancy,No,No,No,,Yes/No Limited protections,
Indian Ocean States,Mayotte,Yes Legal (no laws ever existed),Yes Civil solidarity pact since 2007,Yes Legal since 2013,Yes Legal since 2013,Yes France responsible for defence,Yes Bans all anti-gay discrimination,Yes Under French law
Indian Ocean States,Mauritius,Yes Legal since 4 October 2023 + UN declaration sign,No,No,No,Has no military,Yes Bans all anti-gay discrimination,
Indian Ocean States,Réunion,Yes Legal since 6 October 1791,Yes Civil solidarity pact since 1999,Yes Legal since 2013,Yes Legal since 2013,Yes France responsible for defence,Yes Bans all anti-gay discrimination,Yes Under French law
Indian Ocean States,Seychelles,Yes Legal since 1 June 2016 + UN declaration sign,No,No,No,,Yes Bans some anti-gay discrimination,
Southern Africa,Angola,Yes Legal since 9 February 2021,No,No,No,No,Yes Bans all anti-gay discrimination,May possibly change gender under civil code 2015
Southern Africa,Botswana,Yes Legal since 11 June 2019,No,No,No,Yes,Yes Bans all anti-gay discrimination,Yes Legal gender change constitutional right since 2017
Southern Africa,Eswatini,No Male illegal since 22 February 1907 (not enforced); Female always legal,No,No,No,No,Yes/No Hate speech ban limited,Yes Recognized since 1984
Southern Africa,Lesotho,Yes Male legal since 1 February 2012; female always legal,No,No,No,,Yes Bans some anti-gay discrimination,Yes Legal recognition since 1975
Southern Africa,Malawi,"No Illegal since 1 July 1891. Penalty: Up to 14 years (men), 5 years (women) (rarely enforced)",No,No,No,No,Yes/No Limited protections,No
Southern Africa,Mozambique,Yes Legal since 29 June 2015,No,No,No,No,Yes Bans some anti-gay discrimination,
Southern Africa,Namibia,Yes Legal since 21 June 2024,No/Yes Foreign same-sex marriages recognised,No/Yes Foreign same-sex marriages recognised,No,No,Yes Bans some anti-gay discrimination,Yes Under registration act
Southern Africa,South Africa,Yes Legal since 1998 + UN declaration sign,Yes Recognition since 1998; marriage since 2006,Yes Legal since 2006,Yes Legal since 2002,Yes Since 1998,Yes Constitution bans all anti-gay discrimination,Yes Gender identity included in anti-discrimination law
Southern Africa,Zambia,No Illegal since 17 August 1911. Penalty: 14 years to life imprisonment (repeal proposed),No,No,No,No,Yes/No Limited protections,No
Southern Africa,Zimbabwe,No Male illegal since 10 September 1891; Female always legal. Penalty: Up to 1 year imprisonment,No,No Constitutional ban since 2013,No,No,Yes/No Limited protections,No
North America,Bermuda,Yes Legal since 1994 + UN declaration sign,Yes Domestic partnerships since 2018,No (was temporarily legal 2017–2022),Yes Legal since 2015,Yes UK responsible for defence,Yes Bans all anti-gay discrimination,No
North America,Canada,Yes Legal since 1969 + UN declaration sign,Yes Various provincial partnership systems,Yes Legal nationwide since 2005,Yes Legal nationwide since 2011,Yes Since 1992,Yes Bans all anti-gay discrimination,Yes Gender identity protected nationwide since 2017
North America,Greenland,Yes Legal since 1933 + UN declaration sign,Yes Registered partnerships 1996–2016,Yes Legal since 2016,Yes Legal since 2016,Yes Denmark responsible for defence,Yes Bans all anti-gay discrimination,Yes Legal gender change without surgery
North America,Mexico,Yes Legal since 1871 + UN declaration sign,Yes Civil unions in some states,Yes Legal nationwide since 2022,Yes Legal in many states,Ambiguous,Yes Bans all anti-gay discrimination + conversion therapy bans,Yes Legal gender change in many states
North America,Saint Pierre and Miquelon,Yes Legal since 1791 + UN declaration sign,Yes Civil solidarity pact since 1999,Yes Legal since 2013,Yes Legal since 2013,Yes,Yes Bans all anti-gay discrimination,Yes Under French law
North America,United States,Yes Legal nationwide since 2003 + UN declaration sign,Yes Domestic partnerships and civil unions in some states,Yes Legal nationwide since 2015,Yes Legal nationwide since 2016,Yes/No Complex military rules,Yes/No Nationwide employment protection since 2020,Yes/No Gender marker rules vary; federal protections since 2020
Central America,Belize,Yes Legal since 2016,No,No,No,Yes,Yes Bans all anti-gay discrimination,No
Central America,Costa Rica,Yes Legal since 1971 + UN declaration sign.,Yes Unregistered cohabitation since 2014,Yes Legal since 2020,Yes Legal since 2020,Has no military,Yes Bans all anti-gay discrimination,Yes/No Name change without surgery since 2018; legal gender cannot be changed; sex marker removed from IDs since 2018; one-time passport sex change allowed
Central America,El Salvador,Yes Legal since 1822 + UN declaration sign.,No,No,No,Yes,Yes Bans all anti-gay discrimination,No Bans discrimination based on gender identity
Central America,Guatemala,Yes Legal since 1871 + UN declaration sign.,No Pending,No,No,,Yes Bans some anti-gay discrimination,No
Central America,Honduras,Yes Legal since 1899 + UN declaration sign.,No Constitutional ban on de facto unions since 2005,No Constitutional ban since 2005; court decision pending,No Constitutional ban since 2005,No,Yes Bans all anti-gay discrimination,No
Central America,Nicaragua,Yes Legal since 2008 + UN declaration sign.,No,No,No,,Yes Bans some anti-gay discrimination,No
Central America,Panama,Yes Legal since 2008 + UN declaration sign.,No Court decision pending,No Court decision pending,No Court decision pending,Has no military,Yes Bans some anti-gay discrimination,Yes Legal gender change after medical intervention since 2006
Caribbean,Anguilla,Yes Legal since 2001; age of consent discrepancy + UN declaration sign.,No,No,No,Yes UK responsible for defence,Yes Bans some anti-gay discrimination,
Caribbean,Antigua and Barbuda,Yes Legal since 2022,No,No,No,Yes,Yes Bans all anti-gay discrimination,No
Caribbean,Aruba,Yes Legal (no laws ever existed) + UN declaration sign.,Yes Registered partnerships since 2021,Yes,Yes,Yes Netherlands responsible for defence,Yes Bans all anti-gay discrimination,
Caribbean,Bahamas,Yes Legal since 1991; age of consent discrepancy + UN declaration sign.,No,No,No,Yes,Yes Bans some anti-gay discrimination,No
Caribbean,Barbados,Yes Legal since 2022,No/Yes Foreign domestic partnerships recognized for immigration,No,No,Yes,Yes Bans some anti-gay discrimination,No
Caribbean,Bonaire,Yes Legal (no laws ever existed) + UN declaration sign.,Yes Registered partnerships since 2012,Yes Legal since 2012,Yes,Yes Netherlands responsible for defence,Yes Bans all anti-gay discrimination,Yes
Caribbean,British Virgin Islands,Yes Legal since 2001 + UN declaration sign.,No,No,No,Yes UK responsible for defence,Yes Bans all anti-gay discrimination,No
Caribbean,Cayman Islands,Yes Legal since 2001; age of consent discrepancy + UN declaration sign.,Yes Civil partnerships since 2020,No,Yes Legal since 2020,Yes UK responsible for defence,Yes Bans some anti-gay discrimination,No
Caribbean,Cuba,Yes Legal since 1979 + UN declaration sign.,Yes Legal since 2022,Yes Legal since 2022,Yes Legal since 2022,Yes,Yes Bans all anti-gay discrimination,Yes Gender change after surgery
Caribbean,Curacao,Yes Legal (no laws ever existed) + UN declaration sign.,Yes,Yes,Yes,Yes Netherlands responsible for defence,Yes Bans all anti-gay discrimination,
Caribbean,Dominica,Yes Legal since 2024 + UN declaration sign.,No,No,No,Has no military,Yes Bans some anti-gay discrimination,No
Caribbean,Dominican Republic,Yes Legal since 1822 + UN declaration sign.,No,No Constitutional ban since 2010,No,Yes Since 2025,Yes Bans some anti-gay discrimination,No
Caribbean,Grenada,No Male illegal since 1987; Female legal,No,No,No,Has no military,Yes Bans some anti-gay discrimination,No
Caribbean,Guadeloupe,Yes Legal since 1791 + UN declaration sign.,Yes Civil solidarity pact since 1999,Yes Legal since 2013,Yes Legal since 2013,Yes France responsible for defence,Yes Bans all anti-gay discrimination,Yes Under French law
Caribbean,Haiti,Yes Legal since 1791,No,No,No,Has no military,Yes Bans some anti-gay discrimination,No
Caribbean,Jamaica,No Male illegal since 1864; Female legal,No,No Constitutional ban since 2011,No,No,Yes Bans some anti-gay discrimination,No
Caribbean,Martinique,Yes Legal since 1791 + UN declaration sign.,Yes Civil solidarity pact since 1999,Yes Legal since 2013,Yes Legal since 2013,Yes France responsible for defence,Yes Bans all anti-gay discrimination,Yes Under French law
Caribbean,Montserrat,Yes Legal since 2001 + UN declaration sign.,No,No,No,Yes UK responsible for defence,Yes Bans all anti-gay discrimination,
Caribbean,Puerto Rico,Yes Legal since 2003,Yes Legal since 2015,Yes Legal since 2015,Yes Legal since 2015,Yes US responsible for defence,Yes Bans some anti-gay discrimination,Yes Gender change legal since 2018
Caribbean,Saba,Yes Legal (no laws ever existed) + UN declaration sign.,Yes Registered partnerships since 2012,Yes Legal since 2012,Yes,Yes Netherlands responsible for defence,Yes Bans all anti-gay discrimination,Yes
Caribbean,Saint Barthelemy,Yes Legal since 1791 + UN declaration sign.,Yes Civil solidarity pact since 1999,Yes Legal since 2013,Yes Legal since 2013,Yes France responsible for defence,Yes Bans all anti-gay discrimination,Yes Under French law
Caribbean,Saint Kitts and Nevis,Yes Legal since 2022,No,No,No,Yes,Yes Bans some anti-gay discrimination,
Caribbean,Saint Lucia,Yes Legal since 2025,No,No,No,Has no military,Yes Bans some anti-gay discrimination,No
Caribbean,Saint Martin,Yes Legal since 1791 + UN declaration sign.,Yes Civil solidarity pact since 1999,Yes Legal since 2013,Yes Legal since 2013,Yes France responsible for defence,Yes Bans all anti-gay discrimination,Yes Under French law
Caribbean,Saint Vincent and the Grenadines,No Illegal since 1989,No,No,No,Has no military,Yes Bans some anti-gay discrimination,
Caribbean,Sint Eustatius,Yes Legal (no laws ever existed) + UN declaration sign.,Yes Registered partnerships since 2012,Yes Legal since 2012,Yes,Yes Netherlands responsible for defence,Yes Bans all anti-gay discrimination,Yes
Caribbean,Sint Maarten,Yes Legal (no laws ever existed) + UN declaration sign.,No,No/Yes Marriages from Netherlands recognized,No,Yes Netherlands responsible for defence,Yes Bans all anti-gay discrimination,
Caribbean,Trinidad and Tobago,No Male illegal since 2025; Female legal,No,No,No,No,Yes Bans some anti-gay discrimination,No
Caribbean,Turks and Caicos Islands,Yes Legal since 2001 + UN declaration sign.,No,No,No,Yes UK responsible for defence,Yes Bans all anti-gay discrimination,Yes/No Limited recognition for inheritance contexts
Caribbean,United States Virgin Islands,Yes Legal since 1985,Yes Legal since 2015,Yes Legal since 2015,Yes Legal since 2015,Yes US responsible for defence,Yes Bans all anti-gay discrimination,Yes Includes gender identity since 2022
South America,Argentina,Yes Legal since 1887 + UN declaration sign.,Yes Civil unions and nationwide cohabitation unions since 2015,Yes Legal since 2010,Yes Legal since 2010,Yes Since 2009,Yes/No Some local protections; conversion therapy banned since 2010,Yes Legal gender change without surgery since 2012
South America,Bolivia,Yes Legal since 1832 + UN declaration sign.,Yes Free unions recognized nationwide since 2023,No Constitutional ban since 2009,Yes Adoption allowed in free unions,Yes Since 2015,Yes Bans all anti-gay discrimination,Yes Legal gender change without surgery since 2016
South America,Brazil,Yes Legal since 1830 + UN declaration sign.,Yes Stable unions nationwide since 2011,Yes Since 2011 nationwide 2013,Yes Legal since 2010,Yes Since 1969,Yes Bans all anti-gay discrimination; conversion therapy banned since 1999,Yes Legal gender change without surgery since 2018
South America,Chile,Yes Legal since 1999 + UN declaration sign.,Yes Civil unions since 2015,Yes Legal since 2022,Yes Legal since 2022,Yes Since 2012,Yes Bans all anti-gay discrimination; conversion therapy banned since 2021,Yes Legal gender change without surgery for adults since 2019
South America,Colombia,Yes Legal since 1981 + UN declaration sign.,Yes De facto unions since 2007,Yes Legal since 2016,Yes Joint adoption since 2015,Yes Since 1999,Yes Bans all anti-gay discrimination,Yes Legal gender change without surgery since 2015
South America,Ecuador,Yes Legal since 1997 + UN declaration sign.,Yes De facto unions since 2009,Yes Legal since 2019,No Same-sex couples cannot adopt,Yes,Yes Bans all anti-gay discrimination; conversion therapy banned since 2014,Yes Legal gender change without surgery since 2016
South America,Falkland Islands,Yes Legal since 1989 + UN declaration sign.,Yes Civil partnerships since 2017,Yes Legal since 2017,Yes Legal since 2017,Yes UK responsible for defence,Yes Bans all anti-gay discrimination,No
South America,French Guiana,Yes Legal since 1791 + UN declaration sign.,Yes Civil solidarity pact since 1999,Yes Legal since 2013,Yes Legal since 2013,Yes France responsible for defence,Yes Bans all anti-gay discrimination,Yes Under French law
South America,Guyana,No Male illegal since 1893; Female legal,No,No,,Yes,Yes Bans some anti-gay discrimination,No
South America,Paraguay,Yes Legal since 1880 + UN declaration sign.,No Constitutional ban since 1992,No Constitutional ban since 1992,No,Yes,Yes Bans some anti-gay discrimination; conversion therapy banned since 2022,No
South America,Peru,Yes Legal since 1924 + UN declaration sign.,Limited recognition since 2020,No,No,Yes Since 2009,Yes Bans all anti-gay discrimination,Yes Legal gender change since 2016 (judicial order required)
South America,South Georgia and South Sandwich Islands,Yes Legal since 2001 + UN declaration sign.,Yes Legal since 2014,Yes Legal since 2014,,Yes UK responsible for defence,Yes Bans some anti-gay discrimination,No
South America,Suriname,Yes Legal since 1869,No,Yes Recognition of foreign marriages since Feb 2025,No,,Yes Bans all anti-gay discrimination,Yes Legal gender change since 2022 (court order required)
South America,Uruguay,Yes Legal since 1934 + UN declaration sign.,Yes Concubinage unions since 2008,Yes Legal since 2013,Yes Legal since 2009,Yes Since 2009,Yes Bans all anti-gay discrimination; conversion therapy banned since 2017,Yes Self-determined legal gender since 2018
South America,Venezuela,Yes Legal since 1997 + UN declaration sign.,No Constitutional ban since 1999,No Constitutional ban since 1999,No,Yes Since 2023,Yes Bans some anti-gay discrimination,No
Central Asia,Russia,Yes Legal since 1993,No,No Constitution limits marriage to opposite-sex couples since 2020,No,Yes,No,No Gender change not legal since 2023
Central Asia,Kazakhstan,Yes Legal since 1998,No,No,No,Yes Since 2022,No,Yes
Central Asia,Kyrgyzstan,Yes Legal since 1998,No,No Constitutional ban since 2016,No,Ambiguous,No,Yes Requires sex reassignment surgery
Central Asia,Tajikistan,Yes Legal since 1998,No,No,No,Ambiguous,No,Yes Requires sex reassignment surgery
Central Asia,Turkmenistan,No Male illegal since 1927 (Female legal),No,No,No,No,No,No
Central Asia,Uzbekistan,No Male illegal since 1926 (Female legal),No,No Constitutional ban since 2023,No,No,No,No
West Asia,Abkhazia,Yes Legal,No,No,No,Ambiguous,No,Ambiguous
West Asia,Akrotiri and Dhekelia,Yes Legal since 2000 + UN declaration sign.,Yes Civil partnerships since 2005,Yes Legal since 2014,Ambiguous,Yes UK responsible for defence,Yes Bans some anti-gay discrimination,Ambiguous
West Asia,Armenia,Yes Legal since 2003 + UN declaration sign.,No,No Constitutional ban since 2015,No Same-sex couples cannot adopt,No,No,No
West Asia,Azerbaijan,Yes Legal since 2000,No,No,No,No,No,No
West Asia,Bahrain,Yes Legal since 1976,No,No,No,No,No,Yes Legal gender change only after surgery
West Asia,Cyprus,Yes Legal since 1998 + UN declaration sign.,Yes Civil cohabitation since 2015,No,No,Yes,Yes Bans some anti-gay discrimination,Yes Some gender identity protections; legal gender change not legal
West Asia,Georgia,Yes Legal since 2000 + UN declaration sign.,No,No Constitutional ban since 2018,No,Ambiguous,Yes Bans all anti-gay discrimination,No
West Asia,Iran,No Illegal (death penalty possible for men),No,No,No,No,No,Yes Sex reassignment surgery permitted since 1987
West Asia,Iraq,No Re-criminalized in 2024,No,No,No,No,No,No
West Asia,Israel,Yes Legal since 1963/1988 + UN declaration sign.,Yes Unregistered cohabitation since 1994,No/Yes Foreign marriages recognized,Yes Legal adoption since 2008 (fully implemented 2025),Yes Since 1993 Includes transgender people,Yes Bans all anti-gay discrimination,Yes Legal gender recognition without surgery
West Asia,Jordan,Yes Legal,No,No,No,Ambiguous,No,Yes Allowed since 2014
West Asia,Kuwait,No Male illegal (Female legal),No,No,No,No,No,No
West Asia,Lebanon,Ambiguous Article 534 enforcement varies,No,No,No,No,No,Yes Legal gender change requires surgery
West Asia,Northern Cyprus,Yes Legal since 2014,No,No,No,No,Yes Bans all anti-gay discrimination,Yes Legal gender change requires surgery
West Asia,Oman,No Illegal (up to 3 years prison),No,No,No,No,No,No Laws against gender expression
West Asia,Palestine,West Bank Legal; Gaza unclear legal status,No,No,No (only single adoption),N/A,Limited employment protections only,No legal gender change
West Asia,Qatar,No Illegal (prison; death penalty possible for Muslims),No,No,No,No,No,No
West Asia,Saudi Arabia,No Illegal (capital punishment possible),No,No,No,No,No,No Laws against gender expression
West Asia,South Ossetia,Yes Legal,No,No,No,Ambiguous,No,Ambiguous
West Asia,Syria,No Illegal since 1949,No,No,No,No,No,Yes Legal gender change possible
West Asia,Turkey,Yes Legal since 1858,No,No,No Same-sex couples cannot adopt,No,No,Yes Requires sterilisation and surgery
West Asia,United Arab Emirates,No Illegal (severe penalties including death possible),No,No,No,No,No,No Gender reassignment severely restricted; laws used against gender expression
West Asia,Yemen,No Illegal (lashes or prison),No,No,No,No,No,No
South Asia,Afghanistan,No Illegal (death penalty),No,No,No,No,No,No
South Asia,Bangladesh,No Illegal since 1862,No,No,No,No,No,Yes Third gender option exists (hijra)
South Asia,Bhutan,Yes Legal since 2021,No,No,No,No,Yes Bans some anti-gay discrimination,Yes Legal gender change without surgery
South Asia,British Indian Ocean Territory,Yes Legal since 2001 + UN declaration sign.,Yes Civil partnerships since 2005,Yes Legal since 2014,Ambiguous,Yes UK responsible for defence,Ambiguous,Ambiguous
South Asia,India,Yes Legal again since 2018,No,No,No,No,Yes Bans some anti-gay discrimination,Yes Third gender option; legal change allowed after medical intervention
South Asia,Maldives,No Illegal (up to 8 years prison etc.),No,No,No,No,No,No
South Asia,Nepal,Yes Legal since 2007 + UN declaration sign.,No,No,No,Yes Since 2007,Yes Constitutional protections since 2015,No Only third gender marker change allowed
South Asia,Pakistan,No Illegal since 1862,No,No,No,No,Yes Transphobia illegal; homophobia/biphobia not illegal,Yes Legal gender change and anti-discrimination protections
South Asia,Sri Lanka,No Illegal since 1885 (unenforceable; reform proposed),No,No,No,No,Yes Bans some anti-gay discrimination,Yes Legal gender change without surgery
East Asia,China,Yes Legal since 1997,No,No,No,Yes Open service allowed,Partial court protections only,Yes Legal gender change possible since 2002 (partial surgery requirement since 2022)
East Asia,Hong Kong,Yes Legal since 1991,No/Yes Limited recognition of foreign marriages and cohabitation,No,Yes/No Stepchild adoption since 2021,China responsible for defence,Yes Limited government-sector anti-discrimination,Yes Gender marker change after partial surgery
East Asia,Japan,Yes Legal since 1882 + UN declaration sign.,No Symbolic recognition locally only,No Proposed in 2023,No,Yes Self-Defense Forces allow service,No Nationwide protections; some local protections,Yes Legal gender change requires surgery
East Asia,Macau,Yes Legal since 1996,No,No,No,China responsible for defence,Yes Bans some anti-gay discrimination,Ambiguous
East Asia,Mongolia,Yes Legal since 1993 + UN declaration sign.,No,No Constitutional ban since 1992,No,Yes (LGB only),Yes Bans all anti-gay discrimination,Yes Legal gender change requires surgery
East Asia,North Korea,Yes Legal (uncertain),No (uncertain),No (uncertain),No (uncertain),Yes Service allowed but strict celibacy rules,No open LGBT expression allowed (uncertain),No (uncertain)
East Asia,South Korea,Yes Legal + UN declaration sign.,No,No Proposed in 2023,No,No,No Nationwide protections; some local protections including Seoul,Yes Legal gender change usually requires surgery
East Asia,Taiwan,Yes Legal,Yes Legal recognition of relationships,Yes Legal since 2019,Yes Stepchild adoption since 2019; Joint adoption since 2023,Yes,Yes Constitutional and legal protections,Yes Legal gender change requires surgery
Southeast Asia,Brunei,Illegal; death by stoning (de jure),No,No,No,No,No,Gender expression restricted
Southeast Asia,Cambodia,Legal,Limited local recognition,No,No,Ambiguous,No,No
Southeast Asia,Indonesia,Ambiguous; illegal under morality laws and Aceh,No,No,Individuals may adopt,Not explicitly prohibited de jure but illegal de facto,Ambiguous,Legal gender change after surgery
Southeast Asia,Laos,Legal,No,No,No,Ambiguous,No,Ambiguous
Southeast Asia,Malaysia,Illegal under federal and sharia law,No,No,Individuals may adopt,No,No,Gender change generally impossible
Southeast Asia,Myanmar,Illegal (unenforced),No,No,No,No,Partial protections in some contexts,No
Southeast Asia,Philippines,Legal,Pending,Pending,Individuals may adopt,Yes,Partial local protections,Generally impossible legal gender change
Southeast Asia,Singapore,Legal,No,No,Ambiguous case law,Yes,Yes,Legal gender change after surgery
Southeast Asia,Thailand,Legal,Yes,Yes,Yes,Yes,Yes,Gender expression protections but limits remain
Southeast Asia,Timor-Leste,Legal,No,No,Individuals may adopt,Ambiguous,Some protections,Ambiguous
Southeast Asia,Vietnam,Legal,No,No,Individuals may adopt,Yes,Some protections,Legal gender change since 2017
Central Europe,Austria,Legal,Registered partnerships,Legal,Legal,Yes,Yes,Legal without surgery
Central Europe,Czech Republic,Legal,Registered partnerships,No,Stepchild adoption legal,Yes,Yes,Legal without surgery
Central Europe,Germany,Legal,Registered partnerships (historical),Legal,Legal,Yes,Yes,Self-determination law since 2024
Central Europe,Hungary,Legal,Registered partnerships,No,No,Yes,Yes,No legal gender change since 2020
Central Europe,Liechtenstein,Legal,Registered partnerships,Legal,Legal,No military,Yes,No legal gender change
Central Europe,Poland,Legal,No,No,Individuals may adopt,Yes,Some protections,Legal gender change allowed
Central Europe,Slovakia,Legal,No,No,No,Yes,Yes,No legal gender change since 2025
Central Europe,Slovenia,Legal,Registered partnerships,Legal,Legal,Yes,Yes,Legal gender change
Central Europe,Switzerland,Legal,Registered partnerships,Legal,Legal,Yes,Yes,Self-declaration allowed
Eastern Europe,Abkhazia,Legal,No,No,No,No data,No,No
Eastern Europe,Armenia,Legal,No,No,No,No,No,No
Eastern Europe,Azerbaijan,Legal,No,No,No,No,No,No
Eastern Europe,Belarus,Legal,No,No,No,Restricted,No,Complex process
Eastern Europe,Georgia,Legal,No,No,No,No data,Yes,No
Eastern Europe,Kazakhstan,Legal,No,No,No,Yes,No,Requires surgery etc.
Eastern Europe,Moldova,Legal,No,No,No,Yes,Yes,Possible but bureaucratic
Eastern Europe,Russia,Legal (male since 1993),No,No,No,Yes,No,Illegal since 2023
Eastern Europe,South Ossetia,Legal,No,No,No,No data,No,No
Eastern Europe,Transnistria,Legal,No,No,No,No data,No,No
Eastern Europe,Ukraine,Legal,Limited foreign recognition,No,Individuals may adopt,Yes,Some protections,Legal without sterilisation since 2016
Northern Europe,Denmark,Legal,Registered partnerships historical,Legal,Legal,Yes,Yes,Legal without surgery
Northern Europe,Estonia,Legal,Cohabitation agreement,Legal,Legal,Yes,Yes,Legal without surgery
Northern Europe,Faroe Islands,Legal,Yes,Legal,Legal,Denmark defense,Some protections,No
Northern Europe,Finland,Legal,Registered partnerships historical,Legal,Legal,Yes,Yes,Self-determination since 2023
Northern Europe,Iceland,Legal,Registered partnerships historical,Legal,Legal,No army,Yes,Legal without sterilisation
Northern Europe,Latvia,Legal,Registered partnerships,No,Individuals may adopt,Yes,Some protections,Legal with medical/court approval
Northern Europe,Lithuania,Legal,Judicial partnerships,No,Stepchild adoption judicial,Yes,Yes,Legal without surgery
Northern Europe,Norway,Legal,Registered partnerships historical,Legal,Legal,Yes,Yes,Legal self-recognition
Northern Europe,Sweden,Legal,Registered partnerships historical,Legal,Legal,Yes,Yes,Self-determination since 2025
Southern Europe,Akrotiri and Dhekelia,Legal,Yes (armed forces),Yes (armed forces),No data,UK defense,Some protections,No data
Southern Europe,Albania,Legal,No,No,No,Yes,Yes,No legal recognition
Southern Europe,Andorra,Legal,Stable unions/civil marriage,Legal,Legal,No military,Yes,Legal without surgery (waiting period)
Southern Europe,Bosnia and Herzegovina,Legal,No,No,No,Yes,Yes,Requires surgery
Southern Europe,Bulgaria,Legal,No,No,Individuals may adopt,Yes,Yes,No legal gender change since 2017
Southern Europe,Croatia,Legal,Life partnerships,No,Legal,Yes,Yes,Legal gender change regulated
Southern Europe,Cyprus,Legal,Civil cohabitation,No,No,Yes,Some protections,Gender change not legal
Southern Europe,Gibraltar,Legal,Civil partnerships,Legal,Legal,UK defense,Yes,No legal gender change
Southern Europe,Greece,Legal,Cohabitation agreements,Legal,Legal,Yes,Yes,Legal since 2017 law
Southern Europe,Italy,Legal,Civil unions,No,Stepchild allowed by courts,Yes,Some protections,Legal recognition allowed
Southern Europe,Kosovo,Legal,No,No,Individuals may adopt,Yes,Yes,Anti-discrimination yes but no recognition
Southern Europe,Malta,Legal,Civil unions,Legal,Legal,Yes,Yes,Legal without surgery
Southern Europe,Montenegro,Legal,Life partnership,No,No,Yes,Yes,Requires surgery and sterilisation
Southern Europe,North Macedonia,Legal,No (proposed),No,No,Yes,Yes,Legal since 2021
Southern Europe,Northern Cyprus,Legal,No,No,No,No,Yes,Requires surgery
Southern Europe,Portugal,Legal,De facto unions,Legal,Legal,Yes,Yes,Legal recognition allowed
Southern Europe,Romania,Legal,No,No,Individuals may adopt,Yes,Yes,Legal after surgery
Southern Europe,San Marino,Legal,Civil unions,No,Stepchild allowed,No data,Yes,No legal recognition
Southern Europe,Serbia,Legal,No,No,Individuals may adopt,Yes,Yes,Legal after hormone therapy
Southern Europe,Spain,Legal,Regional unions,Legal,Legal,Yes,Yes,Self-determination since 2023
Southern Europe,Turkey,Legal,No,No,No,No,No,Legal with surgery
Southern Europe,Vatican City,Legal,No,No,No,No military,No,No
Western Europe,Belgium,Legal since 1795; equal age since 1985,Legal cohabitation since 2000,Legal since 2003,Legal since 2006,Yes,Yes bans all discrimination,Legal change without sterilisation or surgery since 2018
Western Europe,France,Legal since 1791; equal age since 1982,Civil solidarity pact since 1999,Legal since 2013,Legal since 2013,Yes,Yes bans all discrimination,Legal change without sterilisation or surgery since 2017
Western Europe,Guernsey,Legal since 1983; equal age since 2012,Cohabitation since 2017,Legal since 2017+,Legal since 2017,UK defence,Yes bans all discrimination,Legal gender change since 2007
Western Europe,Ireland,Legal male since 1993; female always legal,Civil partnerships 2011–2015,Legal since 2015,Legal since 2017,Yes,Yes bans all discrimination,Self declaration since 2015
Western Europe,Isle of Man,Legal since 1992,Civil partnerships since 2011,Legal since 2016,Legal since 2011,UK defence,Yes bans all discrimination,Legal gender recognition since 2009
Western Europe,Jersey,Legal since 1990,Civil partnerships since 2012,Legal since 2018,Legal since 2012,UK defence,Yes bans all discrimination,Legal gender recognition since 2010
Western Europe,Luxembourg,Legal since 1795; equal age since 1992,Registered partnerships since 2004,Legal since 2015,Legal since 2015,Yes,Yes bans all discrimination,No surgery/sterilisation required since 2018
Western Europe,Monaco,Legal since 1793,Cohabitation agreements since 2020,No,No,France defence,Partial protections,No clear legal recognition
Western Europe,Netherlands,Legal since 1811; equal age since 1971,Registered partnership since 1998,Legal since 2001,Legal since 2001,Yes,Yes bans all discrimination,No sterilisation or surgery required since 2014
Western Europe,United Kingdom,Legal male since 1967–1982 regionally; equal age since 2001,Civil partnerships since 2005,Legal since 2014–2020,Legal since 2005–2013,Yes since 2000,Yes bans all discrimination,Legal recognition under 2004 act with limits for hereditary titles
Oceania,Australia,Legal nationwide since 1997; equal age since 2016,Various domestic partnerships and unions,Legal since 2017,Legal nationwide since 2018,Yes,Yes bans all discrimination,Mixed by state; some self-ID some medical requirements since 2025
Oceania,Norfolk Island,Legal male since 1993,Recognition since 2010,Legal since 2017,Legal since 2010,Australia defence,Yes bans all discrimination,Self determination based on NSW law
Oceania,New Zealand,Legal since 1986,Cohabitation since 2002; civil unions since 2005,Legal since 2013,Legal since 2013,Yes since 1993,Yes bans all discrimination,Self determination birth certificate since 2023
Oceania,Fiji,Legal since 2010,No,No,No,,Yes bans all discrimination,Conversion therapy banned since 2010
Oceania,New Caledonia,Legal,France civil pact since 2009,Legal since 2013,Legal since 2013,France defence,Yes bans all discrimination,Under French law
Oceania,Papua New Guinea,Illegal male (rare enforcement),No,No,No,No,Partial protections,No recognition
Oceania,Solomon Islands,Illegal male (rare enforcement),No,No,No,No military,Partial protections,No recognition
Oceania,Vanuatu,Legal,No,No,No,,Partial protections,No recognition
Oceania,Guam,Legal since 1978,Recognition since 2015,Legal since 2015,Legal since 2002,US defence,Partial protections,Legal change requires surgery
Oceania,Federated States of Micronesia,Legal,No,No,No,No military,Yes bans all discrimination,
Oceania,Kiribati,Illegal male (not enforced),No,No,No,No military,Partial protections,No recognition
Oceania,Marshall Islands,Legal since 2005,No,No,No,No military,Yes bans all discrimination,
Oceania,Nauru,Legal since 2016,No,No,No,No military,Yes bans all discrimination,No recognition
Oceania,Northern Mariana Islands,Legal since 1983,Recognition since 2015,Legal since 2015,Legal since 2015,US defence,Partial protections,Legal change allowed
Oceania,Palau,Legal since 2014,No,Constitutional ban since 2008,No,No military,Partial protections,No recognition
Oceania,US Minor Outlying Islands,Legal,Yes,Legal,Legal,US defence,Partial protections,No recognition
Oceania,American Samoa,Legal since 1980,Recognition but not performed locally,Recognition but not performed locally,No,US defence,Partial protections,Legal gender change allowed
Oceania,Cook Islands,Legal since 2023,No,No,No,New Zealand defence,Partial protections,No recognition
Oceania,Easter Island,Legal since 1999,Civil unions since 2015,Legal since 2022,Legal since 2022,Chile defence,Yes bans all discrimination,Legal gender change since 1974; simplified since 2019
Oceania,French Polynesia,Legal,Recognition since 2013,Legal since 2013,Legal since 2013,France defence,Yes bans all discrimination,Under French law
Oceania,Hawaii,Legal since 1972,Recognition since 1997,Legal since 2013,Legal since 2012,US defence,Yes bans all discrimination,Legal gender change allowed
Oceania,Niue,Legal since 2024,No,No,No,New Zealand defence,No,No recognition
Oceania,Pitcairn Islands,Legal since 2001,Recognition since 2015,Legal since 2015,Legal since 2015,UK defence,Yes constitutional protection,
Oceania,Samoa,Illegal male (not enforced),No,No,No,No military,Partial protections,Traditional third gender recognition culturally
Oceania,Tokelau,Legal since 2007,No,No,No,New Zealand defence,No,No recognition
Oceania,Tonga,Illegal male (not enforced),No,No,No,No,Partial protections,No recognition
Oceania,Tuvalu,Illegal male (not enforced),No,Constitutional ban since 2023,No,No military,Partial protections,
Oceania,Wallis and Futuna,Legal,Civil pact since 2009,Legal since 2013,Legal since 2013,France defence,Yes bans all discrimination,Under French law
